Date,Open,High,Low,Close,GDP (constant 2015 MYR),GDP Growth YOY (%),OPR (%)
2023-07-01,8.649999618530273,8.779999732971191,8.649999618530273,8.75,1804500000000.0,3.680282186,3.0
2023-07-02,8.649999618530273,8.779999732971191,8.649999618530273,8.75,1804500000000.0,3.680282186,3.0
2023-07-03,8.649999618530273,8.779999732971191,8.649999618530273,8.75,1804500000000.0,3.680282186,3.0
2023-07-04,8.75,8.75,8.6899995803833,8.699999809265137,1804500000000.0,3.680282186,3.0
2023-07-05,8.670000076293945,8.729999542236328,8.670000076293945,8.699999809265137,1804500000000.0,3.680282186,3.0
2023-07-06,8.720000267028809,8.729999542236328,8.6899995803833,8.729999542236328,1804500000000.0,3.680282186,3.0
2023-07-07,8.729999542236328,8.729999542236328,8.670000076293945,8.670000076293945,1804500000000.0,3.680282186,3.0
2023-07-08,8.670000076293945,8.699999809265137,8.65999984741211,8.670000076293945,1804500000000.0,3.680282186,3.0
2023-07-09,8.670000076293945,8.699999809265137,8.65999984741211,8.670000076293945,1804500000000.0,3.680282186,3.0
2023-07-10,8.670000076293945,8.699999809265137,8.65999984741211,8.670000076293945,1804500000000.0,3.680282186,3.0
2023-07-11,8.65999984741211,8.739999771118164,8.65999984741211,8.739999771118164,1804500000000.0,3.680282186,3.0
2023-07-12,8.739999771118164,8.760000228881836,8.710000038146973,8.75,1804500000000.0,3.680282186,3.0
2023-07-13,8.75,8.779999732971191,8.729999542236328,8.729999542236328,1804500000000.0,3.680282186,3.0
2023-07-14,8.729999542236328,8.829999923706055,8.729999542236328,8.800000190734863,1804500000000.0,3.680282186,3.0
2023-07-15,8.800000190734863,8.850000381469727,8.789999961853027,8.850000381469727,1804500000000.0,3.680282186,3.0
2023-07-16,8.800000190734863,8.850000381469727,8.789999961853027,8.850000381469727,1804500000000.0,3.680282186,3.0
2023-07-17,8.800000190734863,8.850000381469727,8.789999961853027,8.850000381469727,1804500000000.0,3.680282186,3.0
2023-07-18,8.850000381469727,8.850000381469727,8.789999961853027,8.819999694824219,1804500000000.0,3.680282186,3.0
2023-07-19,8.850000381469727,8.850000381469727,8.789999961853027,8.800000190734863,1804500000000.0,3.680282186,3.0
2023-07-20,8.850000381469727,8.850000381469727,8.789999961853027,8.800000190734863,1804500000000.0,3.680282186,3.0
2023-07-21,8.800000190734863,8.8100004196167,8.770000457763672,8.779999732971191,1804500000000.0,3.680282186,3.0
2023-07-22,8.779999732971191,8.930000305175781,8.779999732971191,8.920000076293945,1804500000000.0,3.680282186,3.0
2023-07-23,8.779999732971191,8.930000305175781,8.779999732971191,8.920000076293945,1804500000000.0,3.680282186,3.0
2023-07-24,8.779999732971191,8.930000305175781,8.779999732971191,8.920000076293945,1804500000000.0,3.680282186,3.0
2023-07-25,8.920000076293945,9.039999961853027,8.920000076293945,8.979999542236328,1804500000000.0,3.680282186,3.0
2023-07-26,8.979999542236328,9.020000457763672,8.960000038146973,9.0,1804500000000.0,3.680282186,3.0
2023-07-27,9.0,9.0600004196167,8.979999542236328,8.989999771118164,1804500000000.0,3.680282186,3.0
2023-07-28,8.989999771118164,9.0,8.960000038146973,8.989999771118164,1804500000000.0,3.680282186,3.0
2023-07-29,9.0,9.0600004196167,8.989999771118164,9.020000457763672,1804500000000.0,3.680282186,3.0
2023-07-30,9.0,9.0600004196167,8.989999771118164,9.020000457763672,1804500000000.0,3.680282186,3.0
2023-07-31,9.0,9.0600004196167,8.989999771118164,9.020000457763672,1804500000000.0,3.680282186,3.0
2023-08-01,9.010000228881836,9.0600004196167,8.960000038146973,8.989999771118164,1804500000000.0,3.680282186,3.0
2023-08-02,8.989999771118164,8.989999771118164,8.920000076293945,8.949999809265137,1804500000000.0,3.680282186,3.0
2023-08-03,8.930000305175781,8.9399995803833,8.850000381469727,8.899999618530273,1804500000000.0,3.680282186,3.0
2023-08-04,8.899999618530273,9.0,8.890000343322754,8.90999984741211,1804500000000.0,3.680282186,3.0
2023-08-05,8.90999984741211,8.970000267028809,8.899999618530273,8.920000076293945,1804500000000.0,3.680282186,3.0
2023-08-06,8.90999984741211,8.970000267028809,8.899999618530273,8.920000076293945,1804500000000.0,3.680282186,3.0
2023-08-07,8.90999984741211,8.970000267028809,8.899999618530273,8.920000076293945,1804500000000.0,3.680282186,3.0
2023-08-08,8.9399995803833,9.0,8.920000076293945,8.970000267028809,1804500000000.0,3.680282186,3.0
2023-08-09,8.949999809265137,9.0,8.920000076293945,9.0,1804500000000.0,3.680282186,3.0
2023-08-10,8.989999771118164,9.0,8.930000305175781,9.0,1804500000000.0,3.680282186,3.0
2023-08-11,9.0,9.020000457763672,8.9399995803833,9.020000457763672,1804500000000.0,3.680282186,3.0
2023-08-12,9.020000457763672,9.020000457763672,8.970000267028809,9.0,1804500000000.0,3.680282186,3.0
2023-08-13,9.020000457763672,9.020000457763672,8.970000267028809,9.0,1804500000000.0,3.680282186,3.0
2023-08-14,9.020000457763672,9.020000457763672,8.970000267028809,9.0,1804500000000.0,3.680282186,3.0
2023-08-15,9.0,9.050000190734863,9.0,9.029999732971191,1804500000000.0,3.680282186,3.0
2023-08-16,9.029999732971191,9.050000190734863,9.010000228881836,9.029999732971191,1804500000000.0,3.680282186,3.0
2023-08-17,9.0,9.029999732971191,8.949999809265137,8.970000267028809,1804500000000.0,3.680282186,3.0
2023-08-18,8.970000267028809,9.010000228881836,8.960000038146973,9.0,1804500000000.0,3.680282186,3.0
2023-08-19,9.0,9.010000228881836,8.960000038146973,8.989999771118164,1804500000000.0,3.680282186,3.0
2023-08-20,9.0,9.010000228881836,8.960000038146973,8.989999771118164,1804500000000.0,3.680282186,3.0
2023-08-21,9.0,9.010000228881836,8.960000038146973,8.989999771118164,1804500000000.0,3.680282186,3.0
2023-08-22,8.989999771118164,9.039999961853027,8.979999542236328,9.010000228881836,1804500000000.0,3.680282186,3.0
2023-08-23,9.0,9.010000228881836,8.979999542236328,8.989999771118164,1804500000000.0,3.680282186,3.0
2023-08-24,9.0,9.020000457763672,8.970000267028809,9.010000228881836,1804500000000.0,3.680282186,3.0
2023-08-25,9.0,9.020000457763672,8.970000267028809,9.020000457763672,1804500000000.0,3.680282186,3.0
2023-08-26,9.0,9.020000457763672,8.989999771118164,9.0,1804500000000.0,3.680282186,3.0
2023-08-27,9.0,9.020000457763672,8.989999771118164,9.0,1804500000000.0,3.680282186,3.0
2023-08-28,9.0,9.020000457763672,8.989999771118164,9.0,1804500000000.0,3.680282186,3.0
2023-08-29,9.0,9.09000015258789,9.0,9.09000015258789,1804500000000.0,3.680282186,3.0
2023-08-30,9.09000015258789,9.149999618530272,9.09000015258789,9.109999656677246,1804500000000.0,3.680282186,3.0
2023-08-31,9.149999618530272,9.170000076293944,9.109999656677246,9.149999618530272,1804500000000.0,3.680282186,3.0
2023-09-01,9.149999618530272,9.170000076293944,9.109999656677246,9.149999618530272,1804500000000.0,3.680282186,3.0
2023-09-02,9.149999618530272,9.15999984741211,9.130000114440918,9.149999618530272,1804500000000.0,3.680282186,3.0
2023-09-03,9.149999618530272,9.15999984741211,9.130000114440918,9.149999618530272,1804500000000.0,3.680282186,3.0
2023-09-04,9.149999618530272,9.15999984741211,9.130000114440918,9.149999618530272,1804500000000.0,3.680282186,3.0
2023-09-05,9.15999984741211,9.15999984741211,9.100000381469728,9.130000114440918,1804500000000.0,3.680282186,3.0
2023-09-06,9.130000114440918,9.18000030517578,9.130000114440918,9.18000030517578,1804500000000.0,3.680282186,3.0
2023-09-07,9.170000076293944,9.199999809265137,9.170000076293944,9.170000076293944,1804500000000.0,3.680282186,3.0
2023-09-08,9.1899995803833,9.1899995803833,9.119999885559082,9.140000343322754,1804500000000.0,3.680282186,3.0
2023-09-09,9.149999618530272,9.15999984741211,9.140000343322754,9.15999984741211,1804500000000.0,3.680282186,3.0
2023-09-10,9.149999618530272,9.15999984741211,9.140000343322754,9.15999984741211,1804500000000.0,3.680282186,3.0
2023-09-11,9.149999618530272,9.15999984741211,9.140000343322754,9.15999984741211,1804500000000.0,3.680282186,3.0
2023-09-12,9.15999984741211,9.15999984741211,9.130000114440918,9.140000343322754,1804500000000.0,3.680282186,3.0
2023-09-13,9.140000343322754,9.149999618530272,9.100000381469728,9.119999885559082,1804500000000.0,3.680282186,3.0
2023-09-14,8.880000114440918,8.920000076293945,8.8100004196167,8.84000015258789,1804500000000.0,3.680282186,3.0
2023-09-15,8.850000381469727,8.920000076293945,8.84000015258789,8.90999984741211,1804500000000.0,3.680282186,3.0
2023-09-16,8.90999984741211,8.930000305175781,8.850000381469727,8.930000305175781,1804500000000.0,3.680282186,3.0
2023-09-17,8.90999984741211,8.930000305175781,8.850000381469727,8.930000305175781,1804500000000.0,3.680282186,3.0
2023-09-18,8.90999984741211,8.930000305175781,8.850000381469727,8.930000305175781,1804500000000.0,3.680282186,3.0
2023-09-19,8.930000305175781,8.930000305175781,8.880000114440918,8.90999984741211,1804500000000.0,3.680282186,3.0
2023-09-20,8.899999618530273,8.90999984741211,8.859999656677246,8.859999656677246,1804500000000.0,3.680282186,3.0
2023-09-21,8.859999656677246,8.899999618530273,8.859999656677246,8.899999618530273,1804500000000.0,3.680282186,3.0
2023-09-22,8.859999656677246,8.899999618530273,8.859999656677246,8.880000114440918,1804500000000.0,3.680282186,3.0
2023-09-23,8.880000114440918,8.899999618530273,8.850000381469727,8.869999885559082,1804500000000.0,3.680282186,3.0
2023-09-24,8.880000114440918,8.899999618530273,8.850000381469727,8.869999885559082,1804500000000.0,3.680282186,3.0
2023-09-25,8.880000114440918,8.899999618530273,8.850000381469727,8.869999885559082,1804500000000.0,3.680282186,3.0
2023-09-26,8.859999656677246,8.880000114440918,8.850000381469727,8.869999885559082,1804500000000.0,3.680282186,3.0
2023-09-27,8.869999885559082,8.930000305175781,8.850000381469727,8.880000114440918,1804500000000.0,3.680282186,3.0
2023-09-28,8.880000114440918,8.880000114440918,8.789999961853027,8.789999961853027,1804500000000.0,3.680282186,3.0
2023-09-29,8.880000114440918,8.880000114440918,8.789999961853027,8.789999961853027,1804500000000.0,3.680282186,3.0
2023-09-30,8.789999961853027,8.829999923706055,8.75,8.75,1804500000000.0,3.680282186,3.0
2023-10-01,8.789999961853027,8.829999923706055,8.75,8.75,1804500000000.0,3.680282186,3.0
2023-10-02,8.789999961853027,8.829999923706055,8.75,8.75,1804500000000.0,3.680282186,3.0
2023-10-03,8.75,8.779999732971191,8.739999771118164,8.770000457763672,1804500000000.0,3.680282186,3.0
2023-10-04,8.760000228881836,8.779999732971191,8.6899995803833,8.729999542236328,1804500000000.0,3.680282186,3.0
2023-10-05,8.729999542236328,8.770000457763672,8.710000038146973,8.760000228881836,1804500000000.0,3.680282186,3.0
2023-10-06,8.760000228881836,8.789999961853027,8.729999542236328,8.770000457763672,1804500000000.0,3.680282186,3.0
2023-10-07,8.770000457763672,8.8100004196167,8.770000457763672,8.800000190734863,1804500000000.0,3.680282186,3.0
2023-10-08,8.770000457763672,8.8100004196167,8.770000457763672,8.800000190734863,1804500000000.0,3.680282186,3.0
2023-10-09,8.770000457763672,8.8100004196167,8.770000457763672,8.800000190734863,1804500000000.0,3.680282186,3.0
2023-10-10,8.819999694824219,8.890000343322754,8.819999694824219,8.890000343322754,1804500000000.0,3.680282186,3.0
2023-10-11,8.890000343322754,8.920000076293945,8.869999885559082,8.899999618530273,1804500000000.0,3.680282186,3.0
2023-10-12,8.930000305175781,9.0,8.930000305175781,8.989999771118164,1804500000000.0,3.680282186,3.0
2023-10-13,8.989999771118164,8.989999771118164,8.949999809265137,8.979999542236328,1804500000000.0,3.680282186,3.0
2023-10-14,8.979999542236328,8.989999771118164,8.90999984741211,8.979999542236328,1804500000000.0,3.680282186,3.0
2023-10-15,8.979999542236328,8.989999771118164,8.90999984741211,8.979999542236328,1804500000000.0,3.680282186,3.0
2023-10-16,8.979999542236328,8.989999771118164,8.90999984741211,8.979999542236328,1804500000000.0,3.680282186,3.0
2023-10-17,8.949999809265137,9.029999732971191,8.949999809265137,9.0,1804500000000.0,3.680282186,3.0
2023-10-18,9.0,9.0,8.9399995803833,8.949999809265137,1804500000000.0,3.680282186,3.0
2023-10-19,9.0,9.0,8.9399995803833,8.960000038146973,1804500000000.0,3.680282186,3.0
2023-10-20,8.949999809265137,9.0,8.9399995803833,8.989999771118164,1804500000000.0,3.680282186,3.0
2023-10-21,8.989999771118164,9.029999732971191,8.960000038146973,8.989999771118164,1804500000000.0,3.680282186,3.0
2023-10-22,8.989999771118164,9.029999732971191,8.960000038146973,8.989999771118164,1804500000000.0,3.680282186,3.0
2023-10-23,8.989999771118164,9.029999732971191,8.960000038146973,8.989999771118164,1804500000000.0,3.680282186,3.0
2023-10-24,8.989999771118164,8.989999771118164,8.949999809265137,8.960000038146973,1804500000000.0,3.680282186,3.0
2023-10-25,8.970000267028809,9.020000457763672,8.970000267028809,9.0,1804500000000.0,3.680282186,3.0
2023-10-26,8.989999771118164,9.010000228881836,8.989999771118164,9.0,1804500000000.0,3.680282186,3.0
2023-10-27,9.0,9.020000457763672,8.989999771118164,9.0,1804500000000.0,3.680282186,3.0
2023-10-28,9.0,9.010000228881836,8.970000267028809,8.989999771118164,1804500000000.0,3.680282186,3.0
2023-10-29,9.0,9.010000228881836,8.970000267028809,8.989999771118164,1804500000000.0,3.680282186,3.0
2023-10-30,9.0,9.010000228881836,8.970000267028809,8.989999771118164,1804500000000.0,3.680282186,3.0
2023-10-31,8.989999771118164,9.020000457763672,8.979999542236328,9.020000457763672,1804500000000.0,3.680282186,3.0
2023-11-01,9.0,9.020000457763672,8.989999771118164,9.020000457763672,1804500000000.0,3.680282186,3.0
2023-11-02,9.0,9.039999961853027,8.989999771118164,9.020000457763672,1804500000000.0,3.680282186,3.0
2023-11-03,9.039999961853027,9.0600004196167,9.029999732971191,9.039999961853027,1804500000000.0,3.680282186,3.0
2023-11-04,9.039999961853027,9.119999885559082,9.029999732971191,9.109999656677246,1804500000000.0,3.680282186,3.0
2023-11-05,9.039999961853027,9.119999885559082,9.029999732971191,9.109999656677246,1804500000000.0,3.680282186,3.0
2023-11-06,9.039999961853027,9.119999885559082,9.029999732971191,9.109999656677246,1804500000000.0,3.680282186,3.0
2023-11-07,9.119999885559082,9.170000076293944,9.109999656677246,9.149999618530272,1804500000000.0,3.680282186,3.0
2023-11-08,9.149999618530272,9.149999618530272,9.109999656677246,9.119999885559082,1804500000000.0,3.680282186,3.0
2023-11-09,9.109999656677246,9.119999885559082,9.100000381469728,9.119999885559082,1804500000000.0,3.680282186,3.0
2023-11-10,9.109999656677246,9.119999885559082,9.029999732971191,9.079999923706056,1804500000000.0,3.680282186,3.0
2023-11-11,9.079999923706056,9.130000114440918,9.0600004196167,9.109999656677246,1804500000000.0,3.680282186,3.0
2023-11-12,9.079999923706056,9.130000114440918,9.0600004196167,9.109999656677246,1804500000000.0,3.680282186,3.0
2023-11-13,9.079999923706056,9.130000114440918,9.0600004196167,9.109999656677246,1804500000000.0,3.680282186,3.0
2023-11-14,9.079999923706056,9.130000114440918,9.0600004196167,9.109999656677246,1804500000000.0,3.680282186,3.0
2023-11-15,9.130000114440918,9.15999984741211,9.109999656677246,9.140000343322754,1804500000000.0,3.680282186,3.0
2023-11-16,9.140000343322754,9.149999618530272,9.09000015258789,9.140000343322754,1804500000000.0,3.680282186,3.0
2023-11-17,9.140000343322754,9.15999984741211,9.109999656677246,9.119999885559082,1804500000000.0,3.680282186,3.0
2023-11-18,9.119999885559082,9.119999885559082,9.09000015258789,9.109999656677246,1804500000000.0,3.680282186,3.0
2023-11-19,9.119999885559082,9.119999885559082,9.09000015258789,9.109999656677246,1804500000000.0,3.680282186,3.0
2023-11-20,9.119999885559082,9.119999885559082,9.09000015258789,9.109999656677246,1804500000000.0,3.680282186,3.0
2023-11-21,9.119999885559082,9.140000343322754,9.09000015258789,9.109999656677246,1804500000000.0,3.680282186,3.0
2023-11-22,9.109999656677246,9.119999885559082,9.079999923706056,9.100000381469728,1804500000000.0,3.680282186,3.0
2023-11-23,9.100000381469728,9.130000114440918,9.079999923706056,9.09000015258789,1804500000000.0,3.680282186,3.0
2023-11-24,9.09000015258789,9.119999885559082,9.079999923706056,9.09000015258789,1804500000000.0,3.680282186,3.0
2023-11-25,9.09000015258789,9.100000381469728,9.0600004196167,9.0600004196167,1804500000000.0,3.680282186,3.0
2023-11-26,9.09000015258789,9.100000381469728,9.0600004196167,9.0600004196167,1804500000000.0,3.680282186,3.0
2023-11-27,9.09000015258789,9.100000381469728,9.0600004196167,9.0600004196167,1804500000000.0,3.680282186,3.0
2023-11-28,9.0600004196167,9.130000114440918,9.039999961853027,9.050000190734863,1804500000000.0,3.680282186,3.0
2023-11-29,9.050000190734863,9.09000015258789,9.020000457763672,9.039999961853027,1804500000000.0,3.680282186,3.0
2023-11-30,9.029999732971191,9.039999961853027,8.960000038146973,8.979999542236328,1804500000000.0,3.680282186,3.0
2023-12-01,8.979999542236328,9.050000190734863,8.979999542236328,9.0,1804500000000.0,3.680282186,3.0
2023-12-02,9.0,9.039999961853027,9.0,9.0,1804500000000.0,3.680282186,3.0
2023-12-03,9.0,9.039999961853027,9.0,9.0,1804500000000.0,3.680282186,3.0
2023-12-04,9.0,9.039999961853027,9.0,9.0,1804500000000.0,3.680282186,3.0
2023-12-05,9.020000457763672,9.029999732971191,8.979999542236328,9.010000228881836,1804500000000.0,3.680282186,3.0
2023-12-06,9.010000228881836,9.039999961853027,8.989999771118164,9.0,1804500000000.0,3.680282186,3.0
2023-12-07,9.0,9.029999732971191,8.979999542236328,9.010000228881836,1804500000000.0,3.680282186,3.0
2023-12-08,9.010000228881836,9.06999969482422,8.989999771118164,9.039999961853027,1804500000000.0,3.680282186,3.0
2023-12-09,9.039999961853027,9.0600004196167,9.029999732971191,9.050000190734863,1804500000000.0,3.680282186,3.0
2023-12-10,9.039999961853027,9.0600004196167,9.029999732971191,9.050000190734863,1804500000000.0,3.680282186,3.0
2023-12-11,9.039999961853027,9.0600004196167,9.029999732971191,9.050000190734863,1804500000000.0,3.680282186,3.0
2023-12-12,9.0600004196167,9.079999923706056,9.050000190734863,9.06999969482422,1804500000000.0,3.680282186,3.0
2023-12-13,9.079999923706056,9.079999923706056,9.0600004196167,9.06999969482422,1804500000000.0,3.680282186,3.0
2023-12-14,9.0600004196167,9.079999923706056,9.039999961853027,9.050000190734863,1804500000000.0,3.680282186,3.0
2023-12-15,9.050000190734863,9.06999969482422,9.0,9.0,1804500000000.0,3.680282186,3.0
2023-12-16,9.0,9.039999961853027,8.989999771118164,9.0,1804500000000.0,3.680282186,3.0
2023-12-17,9.0,9.039999961853027,8.989999771118164,9.0,1804500000000.0,3.680282186,3.0
2023-12-18,9.0,9.039999961853027,8.989999771118164,9.0,1804500000000.0,3.680282186,3.0
2023-12-19,9.020000457763672,9.029999732971191,8.970000267028809,8.979999542236328,1804500000000.0,3.680282186,3.0
2023-12-20,9.0,9.010000228881836,8.949999809265137,8.970000267028809,1804500000000.0,3.680282186,3.0
2023-12-21,8.970000267028809,8.979999542236328,8.880000114440918,8.890000343322754,1804500000000.0,3.680282186,3.0
2023-12-22,8.899999618530273,8.90999984741211,8.880000114440918,8.890000343322754,1804500000000.0,3.680282186,3.0
2023-12-23,8.890000343322754,8.930000305175781,8.890000343322754,8.890000343322754,1804500000000.0,3.680282186,3.0
2023-12-24,8.890000343322754,8.930000305175781,8.890000343322754,8.890000343322754,1804500000000.0,3.680282186,3.0
2023-12-25,8.890000343322754,8.930000305175781,8.890000343322754,8.890000343322754,1804500000000.0,3.680282186,3.0
2023-12-26,8.890000343322754,8.930000305175781,8.890000343322754,8.890000343322754,1804500000000.0,3.680282186,3.0
2023-12-27,8.899999618530273,8.920000076293945,8.890000343322754,8.899999618530273,1804500000000.0,3.680282186,3.0
2023-12-28,8.920000076293945,8.930000305175781,8.890000343322754,8.90999984741211,1804500000000.0,3.680282186,3.0
2023-12-29,8.90999984741211,8.979999542236328,8.890000343322754,8.890000343322754,1804500000000.0,3.680282186,3.0
2023-12-30,8.890000343322754,8.920000076293945,8.829999923706055,8.920000076293945,1804500000000.0,3.680282186,3.0
2023-12-31,8.890000343322754,8.920000076293945,8.829999923706055,8.920000076293945,1804500000000.0,3.680282186,3.0
2024-01-01,8.890000343322754,8.920000076293945,8.829999923706055,8.920000076293945,1804500000000.0,3.680282186,3.0
2024-01-02,8.890000343322754,8.920000076293945,8.829999923706055,8.920000076293945,1804500000000.0,3.680282186,3.0
2024-01-03,8.920000076293945,8.930000305175781,8.880000114440918,8.890000343322754,1804500000000.0,3.680282186,3.0
2024-01-04,8.899999618530273,9.050000190734863,8.899999618530273,9.029999732971191,1804500000000.0,3.680282186,3.0
2024-01-05,9.029999732971191,9.06999969482422,9.0,9.0600004196167,1804500000000.0,3.680282186,3.0
2024-01-06,9.0600004196167,9.09000015258789,9.0600004196167,9.0600004196167,1804500000000.0,3.680282186,3.0
2024-01-07,9.0600004196167,9.09000015258789,9.0600004196167,9.0600004196167,1804500000000.0,3.680282186,3.0
2024-01-08,9.0600004196167,9.09000015258789,9.0600004196167,9.0600004196167,1804500000000.0,3.680282186,3.0
2024-01-09,9.079999923706056,9.119999885559082,9.0600004196167,9.100000381469728,1804500000000.0,3.680282186,3.0
2024-01-10,9.09000015258789,9.09000015258789,9.0,9.0,1804500000000.0,3.680282186,3.0
2024-01-11,9.010000228881836,9.050000190734863,8.989999771118164,9.0,1804500000000.0,3.680282186,3.0
2024-01-12,9.0,9.0600004196167,8.970000267028809,9.0600004196167,1804500000000.0,3.680282186,3.0
2024-01-13,9.0600004196167,9.09000015258789,9.029999732971191,9.079999923706056,1804500000000.0,3.680282186,3.0
2024-01-14,9.0600004196167,9.09000015258789,9.029999732971191,9.079999923706056,1804500000000.0,3.680282186,3.0
2024-01-15,9.0600004196167,9.09000015258789,9.029999732971191,9.079999923706056,1804500000000.0,3.680282186,3.0
2024-01-16,9.09000015258789,9.109999656677246,9.0600004196167,9.0600004196167,1804500000000.0,3.680282186,3.0
2024-01-17,9.0600004196167,9.079999923706056,9.020000457763672,9.050000190734863,1804500000000.0,3.680282186,3.0
2024-01-18,9.050000190734863,9.06999969482422,8.979999542236328,9.020000457763672,1804500000000.0,3.680282186,3.0
2024-01-19,9.020000457763672,9.039999961853027,9.0,9.029999732971191,1804500000000.0,3.680282186,3.0
2024-01-20,9.029999732971191,9.039999961853027,8.979999542236328,9.010000228881836,1804500000000.0,3.680282186,3.0
2024-01-21,9.029999732971191,9.039999961853027,8.979999542236328,9.010000228881836,1804500000000.0,3.680282186,3.0
2024-01-22,9.029999732971191,9.039999961853027,8.979999542236328,9.010000228881836,1804500000000.0,3.680282186,3.0
2024-01-23,9.020000457763672,9.100000381469728,9.020000457763672,9.09000015258789,1804500000000.0,3.680282186,3.0
2024-01-24,9.09000015258789,9.100000381469728,9.06999969482422,9.100000381469728,1804500000000.0,3.680282186,3.0
2024-01-25,9.100000381469728,9.140000343322754,9.09000015258789,9.140000343322754,1804500000000.0,3.680282186,3.0
2024-01-26,9.100000381469728,9.140000343322754,9.09000015258789,9.140000343322754,1804500000000.0,3.680282186,3.0
2024-01-27,9.140000343322754,9.239999771118164,9.140000343322754,9.229999542236328,1804500000000.0,3.680282186,3.0
2024-01-28,9.140000343322754,9.239999771118164,9.140000343322754,9.229999542236328,1804500000000.0,3.680282186,3.0
2024-01-29,9.140000343322754,9.239999771118164,9.140000343322754,9.229999542236328,1804500000000.0,3.680282186,3.0
2024-01-30,9.229999542236328,9.25,9.220000267028809,9.239999771118164,1804500000000.0,3.680282186,3.0
2024-01-31,9.239999771118164,9.260000228881836,9.199999809265137,9.260000228881836,1804500000000.0,3.680282186,3.0
2024-02-01,9.260000228881836,9.350000381469728,9.25,9.34000015258789,1804500000000.0,3.680282186,3.0
2024-02-02,9.260000228881836,9.350000381469728,9.25,9.34000015258789,1804500000000.0,3.680282186,3.0
2024-02-03,9.3100004196167,9.369999885559082,9.300000190734863,9.31999969482422,1804500000000.0,3.680282186,3.0
2024-02-04,9.3100004196167,9.369999885559082,9.300000190734863,9.31999969482422,1804500000000.0,3.680282186,3.0
2024-02-05,9.3100004196167,9.369999885559082,9.300000190734863,9.31999969482422,1804500000000.0,3.680282186,3.0
2024-02-06,9.31999969482422,9.31999969482422,9.270000457763672,9.3100004196167,1804500000000.0,3.680282186,3.0
2024-02-07,9.3100004196167,9.329999923706056,9.260000228881836,9.289999961853027,1804500000000.0,3.680282186,3.0
2024-02-08,9.279999732971191,9.31999969482422,9.260000228881836,9.260000228881836,1804500000000.0,3.680282186,3.0
2024-02-09,9.279999732971191,9.279999732971191,9.239999771118164,9.260000228881836,1804500000000.0,3.680282186,3.0
2024-02-10,9.300000190734863,9.449999809265137,9.260000228881836,9.4399995803833,1804500000000.0,3.680282186,3.0
2024-02-11,9.300000190734863,9.449999809265137,9.260000228881836,9.4399995803833,1804500000000.0,3.680282186,3.0
2024-02-12,9.300000190734863,9.449999809265137,9.260000228881836,9.4399995803833,1804500000000.0,3.680282186,3.0
2024-02-13,9.300000190734863,9.449999809265137,9.260000228881836,9.4399995803833,1804500000000.0,3.680282186,3.0
2024-02-14,9.40999984741211,9.4399995803833,9.380000114440918,9.399999618530272,1804500000000.0,3.680282186,3.0
2024-02-15,9.399999618530272,9.449999809265137,9.359999656677246,9.399999618530272,1804500000000.0,3.680282186,3.0
2024-02-16,9.420000076293944,9.4399995803833,9.399999618530272,9.43000030517578,1804500000000.0,3.680282186,3.0
2024-02-17,9.43000030517578,9.460000038146973,9.40999984741211,9.460000038146973,1804500000000.0,3.680282186,3.0
2024-02-18,9.43000030517578,9.460000038146973,9.40999984741211,9.460000038146973,1804500000000.0,3.680282186,3.0
2024-02-19,9.43000030517578,9.460000038146973,9.40999984741211,9.460000038146973,1804500000000.0,3.680282186,3.0
2024-02-20,9.460000038146973,9.539999961853027,9.449999809265137,9.510000228881836,1804500000000.0,3.680282186,3.0
2024-02-21,9.5,9.529999732971191,9.479999542236328,9.529999732971191,1804500000000.0,3.680282186,3.0
2024-02-22,9.529999732971191,9.539999961853027,9.5,9.520000457763672,1804500000000.0,3.680282186,3.0
2024-02-23,9.520000457763672,9.539999961853027,9.5,9.529999732971191,1804500000000.0,3.680282186,3.0
2024-02-24,9.520000457763672,9.520000457763672,9.479999542236328,9.510000228881836,1804500000000.0,3.680282186,3.0
2024-02-25,9.520000457763672,9.520000457763672,9.479999542236328,9.510000228881836,1804500000000.0,3.680282186,3.0
2024-02-26,9.520000457763672,9.520000457763672,9.479999542236328,9.510000228881836,1804500000000.0,3.680282186,3.0
2024-02-27,9.510000228881836,9.529999732971191,9.489999771118164,9.510000228881836,1804500000000.0,3.680282186,3.0
2024-02-28,9.5,9.550000190734863,9.489999771118164,9.510000228881836,1804500000000.0,3.680282186,3.0
2024-02-29,9.529999732971191,9.550000190734863,9.5,9.529999732971191,1804500000000.0,3.680282186,3.0
2024-03-01,9.529999732971191,9.600000381469728,9.43000030517578,9.449999809265137,1804500000000.0,3.680282186,3.0
2024-03-02,9.449999809265137,9.600000381469728,9.420000076293944,9.600000381469728,1804500000000.0,3.680282186,3.0
2024-03-03,9.449999809265137,9.600000381469728,9.420000076293944,9.600000381469728,1804500000000.0,3.680282186,3.0
2024-03-04,9.449999809265137,9.600000381469728,9.420000076293944,9.600000381469728,1804500000000.0,3.680282186,3.0
2024-03-05,9.600000381469728,9.630000114440918,9.479999542236328,9.630000114440918,1804500000000.0,3.680282186,3.0
2024-03-06,9.619999885559082,9.649999618530272,9.56999969482422,9.640000343322754,1804500000000.0,3.680282186,3.0
2024-03-07,9.649999618530272,9.729999542236328,9.630000114440918,9.699999809265137,1804500000000.0,3.680282186,3.0
2024-03-08,9.699999809265137,9.770000457763672,9.670000076293944,9.75,1804500000000.0,3.680282186,3.0
2024-03-09,9.75,9.81999969482422,9.75,9.81999969482422,1804500000000.0,3.680282186,3.0
2024-03-10,9.75,9.81999969482422,9.75,9.81999969482422,1804500000000.0,3.680282186,3.0
2024-03-11,9.75,9.81999969482422,9.75,9.81999969482422,1804500000000.0,3.680282186,3.0
2024-03-12,9.81999969482422,9.850000381469728,9.779999732971191,9.829999923706056,1804500000000.0,3.680282186,3.0
2024-03-13,9.520000457763672,9.619999885559082,9.479999542236328,9.619999885559082,1804500000000.0,3.680282186,3.0
2024-03-14,9.609999656677246,9.649999618530272,9.520000457763672,9.649999618530272,1804500000000.0,3.680282186,3.0
2024-03-15,9.640000343322754,9.739999771118164,9.600000381469728,9.710000038146973,1804500000000.0,3.680282186,3.0
2024-03-16,9.710000038146973,9.800000190734863,9.65999984741211,9.75,1804500000000.0,3.680282186,3.0
2024-03-17,9.710000038146973,9.800000190734863,9.65999984741211,9.75,1804500000000.0,3.680282186,3.0
2024-03-18,9.710000038146973,9.800000190734863,9.65999984741211,9.75,1804500000000.0,3.680282186,3.0
2024-03-19,9.75,9.770000457763672,9.609999656677246,9.649999618530272,1804500000000.0,3.680282186,3.0
2024-03-20,9.649999618530272,9.65999984741211,9.550000190734863,9.56999969482422,1804500000000.0,3.680282186,3.0
2024-03-21,9.56999969482422,9.579999923706056,9.520000457763672,9.550000190734863,1804500000000.0,3.680282186,3.0
2024-03-22,9.550000190734863,9.59000015258789,9.529999732971191,9.59000015258789,1804500000000.0,3.680282186,3.0
2024-03-23,9.59000015258789,9.619999885559082,9.539999961853027,9.619999885559082,1804500000000.0,3.680282186,3.0
2024-03-24,9.59000015258789,9.619999885559082,9.539999961853027,9.619999885559082,1804500000000.0,3.680282186,3.0
2024-03-25,9.59000015258789,9.619999885559082,9.539999961853027,9.619999885559082,1804500000000.0,3.680282186,3.0
2024-03-26,9.619999885559082,9.699999809265137,9.59000015258789,9.6899995803833,1804500000000.0,3.680282186,3.0
2024-03-27,9.6899995803833,9.699999809265137,9.649999618530272,9.649999618530272,1804500000000.0,3.680282186,3.0
2024-03-28,9.649999618530272,9.699999809265137,9.630000114440918,9.6899995803833,1804500000000.0,3.680282186,3.0
2024-03-29,9.649999618530272,9.699999809265137,9.630000114440918,9.6899995803833,1804500000000.0,3.680282186,3.0
2024-03-30,9.6899995803833,9.720000267028809,9.68000030517578,9.710000038146973,1804500000000.0,3.680282186,3.0
2024-03-31,9.6899995803833,9.720000267028809,9.68000030517578,9.710000038146973,1804500000000.0,3.680282186,3.0
2024-04-01,9.6899995803833,9.720000267028809,9.68000030517578,9.710000038146973,1804500000000.0,3.680282186,3.0
2024-04-02,9.720000267028809,9.729999542236328,9.6899995803833,9.729999542236328,1804500000000.0,3.680282186,3.0
2024-04-03,9.739999771118164,9.739999771118164,9.579999923706056,9.619999885559082,1804500000000.0,3.680282186,3.0
2024-04-04,9.630000114440918,9.710000038146973,9.619999885559082,9.6899995803833,1804500000000.0,3.680282186,3.0
2024-04-05,9.68000030517578,9.699999809265137,9.630000114440918,9.640000343322754,1804500000000.0,3.680282186,3.0
2024-04-06,9.649999618530272,9.699999809265137,9.619999885559082,9.6899995803833,1804500000000.0,3.680282186,3.0
2024-04-07,9.649999618530272,9.699999809265137,9.619999885559082,9.6899995803833,1804500000000.0,3.680282186,3.0
2024-04-08,9.649999618530272,9.699999809265137,9.619999885559082,9.6899995803833,1804500000000.0,3.680282186,3.0
2024-04-09,9.6899995803833,9.699999809265137,9.619999885559082,9.630000114440918,1804500000000.0,3.680282186,3.0
2024-04-10,9.630000114440918,9.670000076293944,9.609999656677246,9.649999618530272,1804500000000.0,3.680282186,3.0
2024-04-11,9.630000114440918,9.670000076293944,9.609999656677246,9.649999618530272,1804500000000.0,3.680282186,3.0
2024-04-12,9.630000114440918,9.670000076293944,9.609999656677246,9.649999618530272,1804500000000.0,3.680282186,3.0
2024-04-13,9.640000343322754,9.65999984741211,9.600000381469728,9.649999618530272,1804500000000.0,3.680282186,3.0
2024-04-14,9.640000343322754,9.65999984741211,9.600000381469728,9.649999618530272,1804500000000.0,3.680282186,3.0
2024-04-15,9.640000343322754,9.65999984741211,9.600000381469728,9.649999618530272,1804500000000.0,3.680282186,3.0
2024-04-16,9.649999618530272,9.649999618530272,9.579999923706056,9.579999923706056,1804500000000.0,3.680282186,3.0
2024-04-17,9.579999923706056,9.609999656677246,9.529999732971191,9.600000381469728,1804500000000.0,3.680282186,3.0
2024-04-18,9.630000114440918,9.699999809265137,9.59000015258789,9.670000076293944,1804500000000.0,3.680282186,3.0
2024-04-19,9.68000030517578,9.710000038146973,9.649999618530272,9.649999618530272,1804500000000.0,3.680282186,3.0
2024-04-20,9.649999618530272,9.779999732971191,9.640000343322754,9.739999771118164,1804500000000.0,3.680282186,3.0
2024-04-21,9.649999618530272,9.779999732971191,9.640000343322754,9.739999771118164,1804500000000.0,3.680282186,3.0
2024-04-22,9.649999618530272,9.779999732971191,9.640000343322754,9.739999771118164,1804500000000.0,3.680282186,3.0
2024-04-23,9.739999771118164,9.84000015258789,9.739999771118164,9.81999969482422,1804500000000.0,3.680282186,3.0
2024-04-24,9.81999969482422,9.880000114440918,9.789999961853027,9.800000190734863,1804500000000.0,3.680282186,3.0
2024-04-25,9.800000190734863,9.850000381469728,9.760000228881836,9.779999732971191,1804500000000.0,3.680282186,3.0
2024-04-26,9.779999732971191,9.8100004196167,9.760000228881836,9.789999961853027,1804500000000.0,3.680282186,3.0
2024-04-27,9.789999961853027,9.8100004196167,9.729999542236328,9.75,1804500000000.0,3.680282186,3.0
2024-04-28,9.789999961853027,9.8100004196167,9.729999542236328,9.75,1804500000000.0,3.680282186,3.0
2024-04-29,9.789999961853027,9.8100004196167,9.729999542236328,9.75,1804500000000.0,3.680282186,3.0
2024-04-30,9.760000228881836,9.789999961853027,9.720000267028809,9.729999542236328,1804500000000.0,3.680282186,3.0
2024-05-01,9.729999542236328,9.800000190734863,9.729999542236328,9.779999732971191,1804500000000.0,3.680282186,3.0
2024-05-02,9.729999542236328,9.800000190734863,9.729999542236328,9.779999732971191,1804500000000.0,3.680282186,3.0
2024-05-03,9.779999732971191,9.84000015258789,9.770000457763672,9.800000190734863,1804500000000.0,3.680282186,3.0
2024-05-04,9.800000190734863,9.84000015258789,9.800000190734863,9.829999923706056,1804500000000.0,3.680282186,3.0
2024-05-05,9.800000190734863,9.84000015258789,9.800000190734863,9.829999923706056,1804500000000.0,3.680282186,3.0
2024-05-06,9.800000190734863,9.84000015258789,9.800000190734863,9.829999923706056,1804500000000.0,3.680282186,3.0
2024-05-07,9.829999923706056,9.869999885559082,9.829999923706056,9.84000015258789,1804500000000.0,3.680282186,3.0
2024-05-08,9.850000381469728,9.869999885559082,9.760000228881836,9.800000190734863,1804500000000.0,3.680282186,3.0
2024-05-09,9.800000190734863,9.84000015258789,9.779999732971191,9.84000015258789,1804500000000.0,3.680282186,3.0
2024-05-10,9.84000015258789,9.880000114440918,9.829999923706056,9.869999885559082,1804500000000.0,3.680282186,3.0
2024-05-11,9.869999885559082,9.890000343322754,9.84000015258789,9.869999885559082,1804500000000.0,3.680282186,3.0
2024-05-12,9.869999885559082,9.890000343322754,9.84000015258789,9.869999885559082,1804500000000.0,3.680282186,3.0
2024-05-13,9.869999885559082,9.890000343322754,9.84000015258789,9.869999885559082,1804500000000.0,3.680282186,3.0
2024-05-14,9.869999885559082,9.880000114440918,9.84000015258789,9.880000114440918,1804500000000.0,3.680282186,3.0
2024-05-15,9.880000114440918,9.890000343322754,9.859999656677246,9.880000114440918,1804500000000.0,3.680282186,3.0
2024-05-16,9.880000114440918,9.920000076293944,9.859999656677246,9.920000076293944,1804500000000.0,3.680282186,3.0
2024-05-17,9.920000076293944,9.93000030517578,9.899999618530272,9.920000076293944,1804500000000.0,3.680282186,3.0
2024-05-18,9.920000076293944,10.0,9.920000076293944,9.989999771118164,1804500000000.0,3.680282186,3.0
2024-05-19,9.920000076293944,10.0,9.920000076293944,9.989999771118164,1804500000000.0,3.680282186,3.0
2024-05-20,9.920000076293944,10.0,9.920000076293944,9.989999771118164,1804500000000.0,3.680282186,3.0
2024-05-21,9.989999771118164,10.0,9.960000038146973,9.989999771118164,1804500000000.0,3.680282186,3.0
2024-05-22,10.0,10.0,9.970000267028809,9.989999771118164,1804500000000.0,3.680282186,3.0
2024-05-23,10.0,10.0,9.970000267028809,9.989999771118164,1804500000000.0,3.680282186,3.0
2024-05-24,9.989999771118164,10.0,9.9399995803833,9.979999542236328,1804500000000.0,3.680282186,3.0
2024-05-25,9.979999542236328,10.039999961853027,9.979999542236328,9.989999771118164,1804500000000.0,3.680282186,3.0
2024-05-26,9.979999542236328,10.039999961853027,9.979999542236328,9.989999771118164,1804500000000.0,3.680282186,3.0
2024-05-27,9.979999542236328,10.039999961853027,9.979999542236328,9.989999771118164,1804500000000.0,3.680282186,3.0
2024-05-28,10.0,10.020000457763672,9.979999542236328,9.989999771118164,1804500000000.0,3.680282186,3.0
2024-05-29,9.979999542236328,9.979999542236328,9.890000343322754,9.899999618530272,1804500000000.0,3.680282186,3.0
2024-05-30,9.899999618530272,9.920000076293944,9.890000343322754,9.899999618530272,1804500000000.0,3.680282186,3.0
2024-05-31,9.949999809265137,9.949999809265137,9.880000114440918,9.93000030517578,1804500000000.0,3.680282186,3.0
2024-06-01,9.93000030517578,10.0600004196167,9.93000030517578,10.0600004196167,1804500000000.0,3.680282186,3.0
2024-06-02,9.93000030517578,10.0600004196167,9.93000030517578,10.0600004196167,1804500000000.0,3.680282186,3.0
2024-06-03,9.93000030517578,10.0600004196167,9.93000030517578,10.0600004196167,1804500000000.0,3.680282186,3.0
2024-06-04,9.93000030517578,10.0600004196167,9.93000030517578,10.0600004196167,1804500000000.0,3.680282186,3.0
2024-06-05,10.039999961853027,10.0600004196167,9.970000267028809,9.979999542236328,1804500000000.0,3.680282186,3.0
2024-06-06,9.989999771118164,10.039999961853027,9.970000267028809,9.979999542236328,1804500000000.0,3.680282186,3.0
2024-06-07,10.0,10.020000457763672,9.979999542236328,10.0,1804500000000.0,3.680282186,3.0
2024-06-08,10.0,10.0,9.979999542236328,9.989999771118164,1804500000000.0,3.680282186,3.0
2024-06-09,10.0,10.0,9.979999542236328,9.989999771118164,1804500000000.0,3.680282186,3.0
2024-06-10,10.0,10.0,9.979999542236328,9.989999771118164,1804500000000.0,3.680282186,3.0
2024-06-11,10.0,10.0,9.960000038146973,9.979999542236328,1804500000000.0,3.680282186,3.0
2024-06-12,9.979999542236328,10.0,9.960000038146973,9.960000038146973,1804500000000.0,3.680282186,3.0
2024-06-13,9.960000038146973,10.0,9.90999984741211,9.920000076293944,1804500000000.0,3.680282186,3.0
2024-06-14,9.920000076293944,9.960000038146973,9.920000076293944,9.9399995803833,1804500000000.0,3.680282186,3.0
2024-06-15,9.9399995803833,9.989999771118164,9.93000030517578,9.93000030517578,1804500000000.0,3.680282186,3.0
2024-06-16,9.9399995803833,9.989999771118164,9.93000030517578,9.93000030517578,1804500000000.0,3.680282186,3.0
2024-06-17,9.9399995803833,9.989999771118164,9.93000030517578,9.93000030517578,1804500000000.0,3.680282186,3.0
2024-06-18,9.9399995803833,9.989999771118164,9.93000030517578,9.93000030517578,1804500000000.0,3.680282186,3.0
2024-06-19,9.93000030517578,9.960000038146973,9.93000030517578,9.9399995803833,1804500000000.0,3.680282186,3.0
2024-06-20,9.9399995803833,9.949999809265137,9.890000343322754,9.93000030517578,1804500000000.0,3.680282186,3.0
2024-06-21,9.979999542236328,9.979999542236328,9.859999656677246,9.859999656677246,1804500000000.0,3.680282186,3.0
2024-06-22,9.859999656677246,9.899999618530272,9.81999969482422,9.880000114440918,1804500000000.0,3.680282186,3.0
2024-06-23,9.859999656677246,9.899999618530272,9.81999969482422,9.880000114440918,1804500000000.0,3.680282186,3.0
2024-06-24,9.859999656677246,9.899999618530272,9.81999969482422,9.880000114440918,1804500000000.0,3.680282186,3.0
2024-06-25,9.880000114440918,9.90999984741211,9.850000381469728,9.90999984741211,1804500000000.0,3.680282186,3.0
2024-06-26,9.880000114440918,9.960000038146973,9.859999656677246,9.960000038146973,1804500000000.0,3.680282186,3.0
2024-06-27,9.9399995803833,9.960000038146973,9.899999618530272,9.960000038146973,1804500000000.0,3.680282186,3.0
2024-06-28,9.960000038146973,9.970000267028809,9.90999984741211,9.960000038146973,1804500000000.0,3.680282186,3.0
2024-06-29,9.979999542236328,9.979999542236328,9.960000038146973,9.970000267028809,1804500000000.0,3.680282186,3.0
2024-06-30,9.979999542236328,9.979999542236328,9.960000038146973,9.970000267028809,1804500000000.0,3.680282186,3.0
2024-07-01,9.979999542236328,9.979999542236328,9.960000038146973,9.970000267028809,1804500000000.0,3.680282186,3.0
2024-07-02,9.960000038146973,10.0,9.960000038146973,9.989999771118164,1804500000000.0,3.680282186,3.0
2024-07-03,9.989999771118164,10.020000457763672,9.989999771118164,10.020000457763672,1804500000000.0,3.680282186,3.0
2024-07-04,10.0,10.100000381469728,9.989999771118164,10.100000381469728,1804500000000.0,3.680282186,3.0
2024-07-05,10.079999923706056,10.079999923706056,9.989999771118164,10.039999961853027,1804500000000.0,3.680282186,3.0
2024-07-06,10.039999961853027,10.100000381469728,9.989999771118164,10.0600004196167,1804500000000.0,3.680282186,3.0
2024-07-07,10.039999961853027,10.100000381469728,9.989999771118164,10.0600004196167,1804500000000.0,3.680282186,3.0
2024-07-08,10.039999961853027,10.100000381469728,9.989999771118164,10.0600004196167,1804500000000.0,3.680282186,3.0
2024-07-09,10.039999961853027,10.100000381469728,9.989999771118164,10.0600004196167,1804500000000.0,3.680282186,3.0
2024-07-10,10.0600004196167,10.079999923706056,10.0,10.020000457763672,1804500000000.0,3.680282186,3.0
2024-07-11,10.020000457763672,10.100000381469728,10.020000457763672,10.0600004196167,1804500000000.0,3.680282186,3.0
2024-07-12,10.039999961853027,10.0600004196167,10.0,10.039999961853027,1804500000000.0,3.680282186,3.0
2024-07-13,10.039999961853027,10.18000030517578,10.039999961853027,10.140000343322754,1804500000000.0,3.680282186,3.0
2024-07-14,10.039999961853027,10.18000030517578,10.039999961853027,10.140000343322754,1804500000000.0,3.680282186,3.0
2024-07-15,10.039999961853027,10.18000030517578,10.039999961853027,10.140000343322754,1804500000000.0,3.680282186,3.0
2024-07-16,10.119999885559082,10.199999809265137,10.079999923706056,10.100000381469728,1804500000000.0,3.680282186,3.0
2024-07-17,10.100000381469728,10.15999984741211,10.0600004196167,10.079999923706056,1804500000000.0,3.680282186,3.0
2024-07-18,10.079999923706056,10.140000343322754,10.0600004196167,10.100000381469728,1804500000000.0,3.680282186,3.0
2024-07-19,10.100000381469728,10.18000030517578,10.079999923706056,10.100000381469728,1804500000000.0,3.680282186,3.0
2024-07-20,10.100000381469728,10.119999885559082,10.039999961853027,10.0600004196167,1804500000000.0,3.680282186,3.0
2024-07-21,10.100000381469728,10.119999885559082,10.039999961853027,10.0600004196167,1804500000000.0,3.680282186,3.0
2024-07-22,10.100000381469728,10.119999885559082,10.039999961853027,10.0600004196167,1804500000000.0,3.680282186,3.0
2024-07-23,10.079999923706056,10.140000343322754,10.0600004196167,10.100000381469728,1804500000000.0,3.680282186,3.0
2024-07-24,10.100000381469728,10.140000343322754,10.079999923706056,10.119999885559082,1804500000000.0,3.680282186,3.0
2024-07-25,10.079999923706056,10.140000343322754,10.079999923706056,10.140000343322754,1804500000000.0,3.680282186,3.0
2024-07-26,10.15999984741211,10.15999984741211,10.100000381469728,10.140000343322754,1804500000000.0,3.680282186,3.0
2024-07-27,10.140000343322754,10.199999809265137,10.140000343322754,10.199999809265137,1804500000000.0,3.680282186,3.0
2024-07-28,10.140000343322754,10.199999809265137,10.140000343322754,10.199999809265137,1804500000000.0,3.680282186,3.0
2024-07-29,10.140000343322754,10.199999809265137,10.140000343322754,10.199999809265137,1804500000000.0,3.680282186,3.0
2024-07-30,10.239999771118164,10.260000228881836,10.079999923706056,10.079999923706056,1804500000000.0,3.680282186,3.0
2024-07-31,10.100000381469728,10.220000267028809,10.079999923706056,10.220000267028809,1804500000000.0,3.680282186,3.0
2024-08-01,10.239999771118164,10.260000228881836,10.220000267028809,10.260000228881836,1804500000000.0,3.680282,3.0
2024-08-02,10.239999771118164,10.239999771118164,10.18000030517578,10.239999771118164,1804500000000.0,3.680282,3.0
2024-08-03,10.239999771118164,10.239999771118164,10.18000030517578,10.239999771118164,1804500000000.0,3.680282,3.0
2024-08-04,10.239999771118164,10.239999771118164,10.18000030517578,10.239999771118164,1804500000000.0,3.680282,3.0
2024-08-05,10.18000030517578,10.199999809265137,9.760000228881836,9.899999618530272,1804500000000.0,3.680282,3.0
2024-08-06,9.850000381469728,10.119999885559082,9.800000190734863,10.100000381469728,1804500000000.0,3.680282,3.0
2024-08-07,10.100000381469728,10.18000030517578,10.0600004196167,10.140000343322754,1804500000000.0,3.680282,3.0
2024-08-08,10.140000343322754,10.18000030517578,10.100000381469728,10.140000343322754,1804500000000.0,3.680282,3.0
2024-08-09,10.18000030517578,10.199999809265137,10.119999885559082,10.15999984741211,1804500000000.0,3.680282,3.0
2024-08-10,10.18000030517578,10.199999809265137,10.119999885559082,10.15999984741211,1804500000000.0,3.680282,3.0
2024-08-11,10.18000030517578,10.199999809265137,10.119999885559082,10.15999984741211,1804500000000.0,3.680282,3.0
2024-08-12,10.18000030517578,10.239999771118164,10.15999984741211,10.199999809265137,1804500000000.0,3.680282,3.0
2024-08-13,10.199999809265137,10.220000267028809,10.15999984741211,10.199999809265137,1804500000000.0,3.680282,3.0
2024-08-14,10.199999809265137,10.239999771118164,10.18000030517578,10.199999809265137,1804500000000.0,3.680282,3.0
2024-08-15,10.199999809265137,10.220000267028809,10.140000343322754,10.18000030517578,1804500000000.0,3.680282,3.0
2024-08-16,10.199999809265137,10.260000228881836,10.18000030517578,10.260000228881836,1804500000000.0,3.680282,3.0
2024-08-17,10.199999809265137,10.260000228881836,10.18000030517578,10.260000228881836,1804500000000.0,3.680282,3.0
2024-08-18,10.199999809265137,10.260000228881836,10.18000030517578,10.260000228881836,1804500000000.0,3.680282,3.0
2024-08-19,10.260000228881836,10.640000343322754,10.199999809265137,10.600000381469728,1804500000000.0,3.680282,3.0
2024-08-20,10.600000381469728,10.68000030517578,10.479999542236328,10.600000381469728,1804500000000.0,3.680282,3.0
2024-08-21,10.600000381469728,10.619999885559082,10.479999542236328,10.520000457763672,1804500000000.0,3.680282,3.0
2024-08-22,10.520000457763672,10.539999961853027,10.399999618530272,10.4399995803833,1804500000000.0,3.680282,3.0
2024-08-23,10.4399995803833,10.539999961853027,10.420000076293944,10.4399995803833,1804500000000.0,3.680282,3.0
2024-08-24,10.4399995803833,10.539999961853027,10.420000076293944,10.4399995803833,1804500000000.0,3.680282,3.0
2024-08-25,10.4399995803833,10.539999961853027,10.420000076293944,10.4399995803833,1804500000000.0,3.680282,3.0
2024-08-26,10.460000038146973,10.579999923706056,10.460000038146973,10.539999961853027,1804500000000.0,3.680282,3.0
2024-08-27,10.539999961853027,10.720000267028809,10.520000457763672,10.699999809265137,1804500000000.0,3.680282,3.0
2024-08-28,10.720000267028809,11.0,10.720000267028809,10.859999656677246,1804500000000.0,3.680282,3.0
2024-08-29,10.859999656677246,10.9399995803833,10.68000030517578,10.68000030517578,1804500000000.0,3.680282,3.0
2024-08-30,10.68000030517578,10.800000190734863,10.579999923706056,10.779999732971191,1804500000000.0,3.680282,3.0
